City,Country,Total_Data_Centers,latitude,longitude
6 October City,Egypt,13,29.81667,31.05
A Coruña,Spain,188,43.3707332,-8.3958532
Aachen,Germany,464,50.773515999,6.0848
Aalborg,Denmark,81,57.0472247,9.9201043
Aalst,Belgium,48,50.944711811,4.068720243
Aargau,Switzerland,112,47.399168101,8.173391713
Abakan,Russia,175,53.7173557,91.4451577
Aberdeen,United Kingdom,479,57.149835042,-2.093766906
Abidjan,Ivory Coast,6,5.3493952,-4.017048
Abrantes,Portugal,45,39.426299092414,-8.157848215518
Abu Dhabi,United Arab Emirates,55,24.4881757,54.3549462
Abuja,Nigeria,22,9.0614582,7.5006452
Accra,Ghana,8,5.5547232,-0.2209723
Addis Ababa,Ethiopia,6,9.0331385,38.7500769
Adelaide,Australia,264,-34.925704229,138.596146626
Afula,Israel,62,32.6096865,35.2877296
Ahmedabad,India,268,23.0145096,72.5917595
Aksdal,Norway,84,59.4230039,5.448103
Akureyri,Iceland,12,65.682251763,-18.092386857
Al Ain,United Arab Emirates,55,24.2226487,55.7650984
Alabama,USA,3778,32.766542541,-86.840286859
Alajuela,Costa Rica,12,10.0187727,-84.2101946
Alappuzha,India,268,9.4848,76.322304
Alaska,USA,3778,64.808087898,-151.004157815
Albacete,Spain,188,38.9976623,-1.8600675
Albury,Australia,264,-36.080812189,146.915846209
Alencon,France,315,48.430133705,0.082062774
Alentejo,Portugal,45,40.3135915,-7.8015006
Algiers,Algeria,6,36.73225,3.08746
Alicante,Spain,188,38.34521,-0.4809945
Almaty,Kazakhstan,15,43.2515622,76.9089372
Alor Setar,Malaysia,107,6.1210733,100.3698
Alphen aan den Rijn,The Netherlands,185,52.135804572,4.661042015
Alwar,India,268,27.5610938,76.6214704
Ambon,Indonesia,183,-3.694426,128.181299
Amman,Jordan,8,31.9529063,35.9115241
Amsterdam,The Netherlands,185,52.361524688,4.890870311
Anatoliko,Cyprus,18,34.7472,32.48657
Ancona,Italy,201,43.6171493,13.51599
Andorra la Vella,Andorra,3,42.5075314,1.5218156
Angeles City,Philippines,34,15.1648596,120.6082802
Angers,France,315,47.471236931,-0.547957644
Ankara,Turkey,76,39.8965202,32.8619738
Annecy,France,315,45.899257579,6.129374717
Antalya,Turkey,76,36.8863907,30.7104875
Antananarivo,Madagascar,3,-18.9084843,47.5375127
Antibes,France,315,43.581344179,7.12791404
Antwerp,Belgium,48,51.25942418,4.371799938
Anyang,South Korea,85,37.3925,126.92694
Aomori,Japan,242,40.82267629,140.74692738
Ap Lei Chau,Hong Kong,83,22.24129,114.15482
Apeldoorn,The Netherlands,185,52.210714522,5.974396143
Aqaba,Jordan,8,29.5342365,35.0103404
Aracaju,Brazil,195,-10.9093538,-37.0743967
Araranguá,Brazil,195,-28.9405774,-49.4779437
Arezzo,Italy,201,43.4712011,11.8630617
Arizona,USA,3778,34.293016451,-111.664753988
Arkansas,USA,3778,34.899923725,-92.4388847
Arnhem,The Netherlands,185,51.974490103,5.905734847
Arras,France,315,50.293353245,2.778802414
Arrecife,Spain,188,28.9595062,-13.5476012
Arsenal,Mauritius,10,-20.106905,57.5407101
Ascoli Piceno,Italy,201,42.8554018,13.5749771
Askar,Bahrain,8,26.0745909,50.6002623
Astana,Kazakhstan,15,51.1776,71.433
Asuncion,Paraguay,7,-25.2999996,-57.6299999
Athens,Greece,23,37.9753357,23.7361497
Auch,France,315,43.646900515,0.583065224
Auckland,New Zealand,57,-36.848378776,174.764381777
Augsburg,Germany,464,48.369695999,10.892578
Auxerre,France,315,47.795996628,3.57049388
Avignon,France,315,43.949315226,4.805311547
Azores,Portugal,45,37.74058,-25.67282
Bad Mergentheim,Germany,464,49.490972999,9.773085
Badajoz,Spain,188,38.8785497,-6.9701578
Bagan Datuk,Malaysia,107,3.990118,100.786505
Baie-Comeau,Canada,283,49.221316,-68.150303
Baku,Azerbaijan,3,40.378416,49.842201
Balikpapan,Indonesia,183,-1.2779021,116.8230458
Balingen,Germany,464,48.275845999,8.851348999
Ballarat,Australia,264,-37.55622624,143.846447843
Ballasalla,Isle of Man,6,54.0950701,-4.6292069
Ballina,Ireland,128,54.1118998,-9.1573265
Bamako,Mali,1,12.652254,-7.9817046
Bamberg,Germany,464,49.893386999,10.886785999
Ban Chang,Thailand,57,12.728431064,101.066368625
Banda Aceh,Indonesia,183,5.5535597,95.3176803
Bandar Lampung,Indonesia,183,-5.429753,105.262272
Bandar Seri Begawan,Brunei,4,4.8806816,114.9222687
Bandung,Indonesia,183,-6.9021634,107.6191139
Bangalore,India,268,12.9767463,77.5752782
Bangkok,Thailand,57,13.7539579,100.5022432
Banja Luka,Bosnia and Herzegovina,4,44.772348,17.191675
Banjarmasin,Indonesia,183,-3.316819,114.5896233
Banska Bystrica,Slovakia,13,48.736299956,19.146547754
Baoding,China,364,38.85111,115.49028
Barcelona,Spain,188,41.387917,2.1699187
Barcelona VE,Venezuela,6,10.1269795,-64.6561735
Bari,Italy,201,41.1259135,16.8721133
Barranquilla,Colombia,41,10.961041,-74.8009587
Barreiro,Portugal,45,38.625657213454,-9.04275817806
Basel,Switzerland,112,47.556959234,7.593086695
Batam,Indonesia,183,1.1287844,104.0403441
Batangas,Philippines,34,13.7679075,121.0718776
Batumi,Georgia,4,41.6462295,41.6491616
Bayan Baru,Malaysia,107,5.322993,100.2865751
Bedford,United Kingdom,479,52.136856325,-0.468468554
Beersheba,Israel,62,31.25181,34.7913
Beijing,China,364,39.9075,116.39723
Beirut,Lebanon,2,33.8880651,35.5039614
Beja,Portugal,45,37.829706258152,-7.94389741788
Bekasi,Indonesia,183,-6.2433079,106.9937168
Belfast,United Kingdom,479,54.5972686,-5.9301088
Belfort,France,315,47.637738284,6.862834456
Belgorod,Russia,175,50.59672,36.58778
Belgrade,Serbia,13,44.8150674,20.4604746
Bellinzona,Switzerland,112,46.194930041,9.024766457
Belo Horizonte,Brazil,195,-19.9181771,-43.9370534
Bendigo,Australia,264,-36.765252969,144.273786594
Benghazi,Libya,6,32.1063072,20.1005788
Berbera,Somalia,1,10.4402993,45.0178637
Bergamo,Italy,201,45.6948924,9.6699596
Bergen,Norway,84,60.3880473,5.3318581
Berkshire,United Kingdom,479,51.5,-1.25
Berlin,Germany,464,52.517669999,13.405537999
Bern,Switzerland,112,46.948998594,7.437170775
Besancon,France,315,47.237693201,6.024061421
Bettembourg,Luxembourg,16,49.521222,6.105723
Bhopal,India,268,23.25469,77.40289
Bhubaneswar,India,268,20.2726082,85.8331178
Biel,Switzerland,112,47.143131787,7.262669102
Bielefeld,Germany,464,52.020577999,8.53212
Bilbao,Spain,188,43.2569608,-2.9234602
Billingstad,Norway,84,59.8750023,10.4830628
Bintulu,Malaysia,107,3.178533,113.0451449
Birkirkara,Malta,10,35.8964333,14.4631516
Birmingham UK,United Kingdom,479,52.5345425,-1.8421175
Bishkek,Kyrgyzstan,3,42.8844194,74.5766194
Bismo,Norway,84,61.8838715,8.2691358
Bissen,Luxembourg,16,49.786817,6.070158
Blackpool,United Kingdom,479,53.820873757,-3.051538194
Blantyre,Malawi,1,-15.7862606,35.0095248
Bloemfontein,South Africa,60,-29.1181302,26.223091
Blonduos,Iceland,12,65.659391385,-20.28288628
Blumenau,Brazil,195,-26.9189417,-49.0660575
Blyth,United Kingdom,479,55.127211958,-1.507759598
Bochum,Germany,464,51.482698999,7.217177001
Boden,Sweden,110,66.062120495565,21.341475580744
Bogor,Indonesia,183,-6.59444,106.78917
Bogota,Colombia,41,4.6068824,-74.071837
Bologna,Italy,201,44.4941903,11.3465185
Bolton,United Kingdom,479,53.577725196,-2.431038782
Bolzano,Italy,201,46.4967153,11.3580048
Bonn,Germany,464,50.734244999,7.099187
Bonuan Gueset,Philippines,34,16.0780813,120.3459451
Boras,Sweden,110,57.7209979,12.9402545
Bordeaux,France,315,44.837898313,-0.579380299
Bourges,France,315,47.080575225,2.3989015
Bournemouth,United Kingdom,479,50.720960877,-1.876681162
Bradford,United Kingdom,479,53.790793103,-1.754564317
Brasilia,Brazil,195,-15.7793842,-47.9257379
Brasov,Romania,63,45.6494899,25.6065501
Bratislava,Slovakia,13,48.154419507,17.119406427
Brazzaville,Republic of the Congo,1,-4.273897,15.2815134
Breda,The Netherlands,185,51.589716312,4.773509819
Bregenz,Austria,53,47.503042,9.747067
Bremen,Germany,464,53.075605999,8.809338
Brescia,Italy,201,45.5398382,10.2229562
Brindisi,Italy,201,40.6361753,17.9389909
Brisbane,Australia,264,-27.470718612,153.024875611
Bristol UK,United Kingdom,479,51.453132471,-2.600983373
Brno,Czech Republic,54,49.207853314,16.6018048
Bruges,Belgium,48,51.266855502,3.220199559
Brussels,Belgium,48,50.89806471,4.406264339
Bryne,Norway,84,58.7351963,5.6414498
Bucharest,Romania,63,44.4355816,26.1022199
Budapest,Hungary,17,47.4981441,19.0405528
Buenos Aires,Argentina,42,-34.6090264,-58.3732215
Bukit Kayu Hitam,Malaysia,107,6.4888352,100.4138276
Bulawayo,Zimbabwe,3,-20.1519036,28.5849271
Buraidah,Saudi Arabia,52,26.32599,43.97497
Burgas,Bulgaria,31,42.4976779,27.4700254
Bursa,Turkey,76,40.1857846,29.0566613
Busan,South Korea,85,35.10168,129.03004
Bydgoszcz,Poland,97,53.125394284,18.001433865
Bytom,Poland,97,50.348406528,18.91567555
Cadiz,Spain,188,36.5297453,-6.2926477
Caen,France,315,49.181133516,-0.372810286
Caguas,Puerto Rico,8,18.229357,-66.035981
Cairo,Egypt,13,30.0434879,31.2352919
Calabarzon,Philippines,34,14.181027806758,121.551724234555
Calais,France,315,50.952610393,1.854585802
Calgary,Canada,283,51.045113,-114.057141
Cali,Colombia,41,3.4529814,-76.5187809
California,USA,3778,36.374105693,-119.27023
Cambridge,United Kingdom,479,52.204875146,0.119708761
Campina Grande,Brazil,195,-7.2309326,-35.8818436
Campinas,Brazil,195,-22.9073702,-47.0628996
Campo Grande,Brazil,195,-20.4435311,-54.6477573
Canberra,Australia,264,-35.279758508,149.130020799
Canelones,Uruguay,10,-34.5236045,-56.2799733
Cape Town,South Africa,60,-33.9271093,18.4200603
Caracas,Venezuela,6,10.48801,-66.87919
Carcassonne,France,315,43.212061956,2.35289992
Cardiff,United Kingdom,479,51.480005315,-3.176864083
Carlow,Ireland,128,52.835975,-6.9245496
Carnaxide,Portugal,45,38.72706,-9.24671
Cartago,Costa Rica,12,9.86405,-83.9189
Casablanca,Morocco,14,33.5964565,-7.615478
Cascavel,Brazil,195,-24.9585109,-53.4579483
Caserta,Italy,201,41.0757257,14.3337885
Castel San Pietro Terme,Italy,201,44.399537,11.5859629
Castellon de la Plana,Spain,188,39.9860398,-0.0360705
Catania,Italy,201,37.5024825,15.0878345
Cayenne,French Guiana,1,4.938204893,-52.335029542
Cañas,Costa Rica,12,10.4239,-85.1015
Cebu,Philippines,34,10.31672,123.89071
Celaya,Mexico,62,20.527384993,-100.817832908
Ceske Budejovice,Czech Republic,54,48.973769275,14.478818079
Ceuta,Spain,188,35.8882403,-5.3161839
Changzhou,China,364,31.77359,119.95401
Chania,Greece,23,35.516236,24.018807
Charlottetown,Canada,283,46.247847,-63.12021
Chartres,France,315,48.443911792,1.4889035
Cheltenham,United Kingdom,479,51.900737976,-2.07668546
Chelyabinsk,Russia,175,55.1601276,61.3935667
Chemnitz,Germany,464,50.833592999,12.921602
Chengdu,China,364,30.66667,104.06667
Chennai,India,268,13.0720922,80.2018554
Cheraga,Algeria,6,36.7663889,2.951063
Chester,United Kingdom,479,53.190219118,-2.891645238
Chhukha,Bhutan,3,26.988859045138,89.558610179336
Chiang Mai,Thailand,57,18.837251969,98.971186578
Chiasso,Switzerland,112,45.834737743,9.026456848
Chisinau,Moldova,6,47.0241956,28.8318291
Chittagong,Bangladesh,15,22.3303649,91.8326338
Chonburi,Thailand,57,13.3622,100.98345
Chongqing,China,364,29.56026,106.55771
Christchurch,New Zealand,57,-43.530339423,172.632397103
Christmas Island,Australia,264,-10.485355207,105.636472064
Chuncheon,South Korea,85,37.87472,127.73417
Cirebon,Indonesia,183,-6.516538333333,108.537788433333
Ciudad Arce,El Salvador,3,13.84093,-89.44671
Ciudad Real,Spain,188,38.9861041,-3.9272645
Ciudad del Este,Paraguay,7,-25.5059027,-54.638834
Clark,Philippines,34,15.18576,120.53701
Clermont-Ferrand,France,315,45.779715905,3.086533635
Cluj Napoca,Romania,63,46.7709185,23.5899178
Coburg,Germany,464,50.259389999,10.960194
Cochin,India,268,9.9576168,76.2511512
Coffs Harbour,Australia,264,-30.295283477,153.125203484
Coimbatore,India,268,11.0160093,76.9703096
Colchester,United Kingdom,479,51.889719668,0.89937749
Cologne,Germany,464,50.938106999,6.957068
Colombo,Sri Lanka,2,6.93395,79.8498715
Colorado,USA,3778,38.998550562,-105.547816373
Conakry,Guinea,1,9.5091269,-13.7125467
Concepción,Chile,66,-36.8173687,-73.0636257
Connecticut,USA,3778,41.57350273,-72.738305908
Constanta,Romania,63,44.1772738,28.6528818
Constantine,Algeria,6,36.365,6.61472
Copenhagen,Denmark,81,55.675757,12.5690233
Cordoba,Argentina,42,-31.405059,-64.171896
Cork,Ireland,128,51.8978719,-8.4710874
Corlu,Turkey,76,41.16219,27.798035
Cosenza,Italy,201,39.2981996,16.2538921
Cottbus,Germany,464,51.759345,14.335117001
Coventry,United Kingdom,479,52.407723675,-1.506847882
Covilha,Portugal,45,40.2826491,-7.5032603
Craiova,Romania,63,44.3183777,23.7964038
Cranbrook,Canada,283,49.512983,-115.76954
Cravinhos,Brazil,195,-21.3397353,-47.7294561
Crawley,United Kingdom,479,51.114471145,-0.188199897
Crewe,United Kingdom,479,53.09504569,-2.441759613
Cumnock,United Kingdom,479,55.454853626,-4.267204343
Curitiba,Brazil,195,-25.4283563,-49.2732515
Cyberjaya,Malaysia,107,2.927885,101.6501033
Cáceres,Spain,188,39.4762161,-6.3708585
Córdoba,Spain,188,37.8847225,-4.7791269
Da Nang,Vietnam,38,16.075243,108.224145
Dakar,Senegal,7,14.6954268,-17.4485785
Dalian,China,364,38.91222,121.60222
Damascus,Syria,1,33.5102,36.29128
Dammam,Saudi Arabia,52,26.4392775,50.0944602
Daqing,China,364,46.58333,125.0
Dar es Salaam,Tanzania,11,-6.8149233,39.288409
Darkhan,Mongolia,7,49.4852729,105.9242673
Darmstadt,Germany,464,49.873210999,8.656600001
Darwin,Australia,264,-12.459226445,130.840557883
Datong,China,364,40.09361,113.29139
Davao,Philippines,34,7.07306,125.61278
Delaware,USA,3778,39.008127276,-75.467472144
Den Haag,The Netherlands,185,52.069248385,4.296715483
Denizli,Turkey,76,37.778688,29.0616577
Denpasar,Indonesia,183,-8.6721777,115.2335518
Derby,United Kingdom,479,52.924711408,-1.478050388
Deve Bair,Macedonia,7,41.80518,21.74901
Deventer,The Netherlands,185,52.259476865,6.173234346
Dhaka,Bangladesh,15,23.7073061,90.4154833
Dijon,France,315,47.321774381,5.042264211
District of Columbia,USA,3778,38.904771192,-77.016321746
Djibouti,Djibouti,3,11.733763645,42.58017759
Dodoma,Tanzania,11,-6.1812438,35.7481566
Doetinchem,The Netherlands,185,51.964494571,6.288166772
Doha,Qatar,11,25.2816415,51.5242998
Dongguan,China,364,23.01797,113.74866
Donostia,Spain,188,43.320905,-1.9845145
Dordrecht,The Netherlands,185,51.79808063,4.680474469
Dortmund,Germany,464,51.514170999,7.464165001
Douai,France,315,50.367833103,3.080496714
Douala,Cameroon,2,4.054859,9.6987178
Douglas,Isle of Man,6,54.1543288,-4.4800578
Dresden,Germany,464,51.051696999,13.736883
Drobeta Turnu Severin,Romania,63,44.6268982,22.6528214
Drogheda,Ireland,128,53.7167718,-6.3543536
Dronten,The Netherlands,185,52.526146342,5.714627288
Dubai,United Arab Emirates,55,25.2674058,55.2926806
Dubbo,Australia,264,-32.254356866,148.609804318
Dublin,Ireland,128,53.3440956,-6.2674862
Dundee,United Kingdom,479,56.458396414,-2.973674727
Dunedin,New Zealand,57,-45.879553418,170.498203343
Durango,Mexico,62,24.923610403,-104.913398575
Durban,South Africa,60,-29.8579,31.0292
Durham,United Kingdom,479,54.777873324,-1.582617518
Düsseldorf,Germany,464,51.224219999,6.780068
East London,South Africa,60,-33.01529,27.91162
Ede,The Netherlands,185,52.037297872,5.655423614
Edinburgh,United Kingdom,479,55.953339501,-3.189106896
Edmonton,Canada,283,53.54545,-113.49014
Edmundston,Canada,283,47.362927,-68.326068
Eindhoven,The Netherlands,185,51.44870917,5.471816109
Ekibastuz,Kazakhstan,15,51.724632,75.3159701
Ennis,Ireland,128,52.8443498,-8.9829945
Erbil,Iraq,1,36.1075112,44.0065127
Erfurt,Germany,464,50.977121999,11.027236
Esbjerg,Denmark,81,55.4672695,8.4490779
Eskilstuna,Sweden,110,59.3705721,16.5135853
Eslov,Sweden,110,55.836032014028,13.367706768829
Essen,Germany,464,51.455842999,7.012583
Essex,United Kingdom,479,51.78449,0.57449
Exeter,United Kingdom,479,50.722568506,-3.53261104
Falkenberg,Sweden,110,56.969132971299,12.574591631527
Falkenstein,Germany,464,50.476122999,12.370054001
Falmouth,United Kingdom,479,50.153474237,-5.074075668
Falster,Denmark,81,54.8,11.96667
Falun,Sweden,110,60.6092578,15.6273677
Fanling,Hong Kong,83,22.49487,114.13949
Fareham,United Kingdom,479,50.852343745,-1.175897595
Faridabad,India,268,28.4148834,77.30969
Farnborough,United Kingdom,479,51.290406008,-0.754727965
Fauske,Norway,84,67.224003940199,15.769627873911
Fez,Morocco,14,34.059766,-4.9653138
Fleet,United Kingdom,479,51.280252727,-0.843239954
Flensburg,Germany,464,54.782519999,9.437509999
Flevoland,The Netherlands,185,52.550382279,5.515162589
Florence,Italy,201,43.7686976,11.2569291
Florida,USA,3778,28.566044895,-81.68864879
Fortaleza,Brazil,195,-3.7184625,-38.5416698
Forus,Norway,84,58.9015966,5.6834201
Frankfurt,Germany,464,50.110879999,8.682433
Frauenfeld,Switzerland,112,47.55926443,8.896825834
Fredericia,Denmark,81,55.56568,9.753665
Fredrikstad,Norway,84,59.2180983,10.9298314
Freeport,Bahamas,4,26.53333,-78.7
Freetown,Sierra Leone,1,8.4820459,-13.2136682
Freiburg,Germany,464,47.994785999,7.849876999
Friesland,The Netherlands,185,53.16667,5.83333
Frosinone,Italy,201,41.6401367,13.3519019
Fukuoka,Japan,242,33.59009622,130.40167459
Fukushima,Japan,242,37.76081616,140.47476017
Fyresdal,Norway,84,59.161360236278,8.055336644144
Gaborone,Botswana,5,-24.6611781,25.9117509
Galati,Romania,63,45.4382178,28.0563359
Galway,Ireland,128,53.2737969,-9.0517799
Gangneung,South Korea,85,37.75266,128.87239
Gaoxin,China,364,34.1764,115.548
Gaupne,Norway,84,61.4083065,7.2855729
Gavle,Sweden,110,60.6746161,17.1418309
Gaziantep,Turkey,76,37.065842,37.376078
Gdansk,Poland,97,54.351887748,18.646338873
Gebze,Turkey,76,40.797195,29.436931
Geneva,Switzerland,112,46.212270935,6.126642752
Geneva FR,France,315,46.21675313788,6.151091823688
Genkai,Japan,242,34.90384249,137.27807208
Genova,Italy,201,44.4070624,8.9339889
Gent,Belgium,48,51.074430543,3.725452562
George Town,Cayman Islands,2,19.2866,-81.3744
George Town,Malaysia,107,5.4119239,100.3146015
Georgetown,Guyana,1,6.8084045,-58.1613836
Georgia,USA,3778,32.648324554,-83.444534401
Geraldton,Australia,264,-28.771694468,114.616002089
Gibraltar,Gibraltar,6,36.136007669,-5.348661839
Girona,Spain,188,41.9816465,2.8236112
Gjøvik,Norway,84,60.88785262816,10.470107872384
Glarus,Switzerland,112,47.04308744,9.067438005
Glasgow,United Kingdom,479,55.86362504,-4.236869947
Glenrothes,United Kingdom,479,56.195184111,-3.171325705
Gloucester,United Kingdom,479,51.864557712,-2.246931011
Goes,The Netherlands,185,51.503674154,3.892050263
Goiania,Brazil,195,-16.6805153,-49.2561268
Gold Coast,Australia,264,-27.991140003,153.427670012
Goppingen,Germany,464,48.703266999,9.653964
Gorlitz,Germany,464,51.155287,14.988035001
Gossau,Switzerland,112,47.414980576,9.258156707
Gothenburg,Sweden,110,57.6969943,11.9865
Grafton,Australia,264,-29.679586365,152.936668892
Granada,Spain,188,37.1764835,-3.5979371
Grand Forks,Canada,283,49.03398,-118.437907
Graz,Austria,53,47.0695512,15.4381829
Grenoble,France,315,45.186447778,5.736442084
Grodzisk Mazowiecki,Poland,97,52.103638351,20.625952013
Groningen,The Netherlands,185,53.219956308,6.564955801
Grouville,Jersey,5,49.186924857414,-2.048886772828
Guadalajara,Mexico,62,20.674161223,-103.336727247
Guadalajara,Spain,188,40.6300812,-3.1660851
Guangzhou,China,364,23.11667,113.25
Guatemala,Guatemala,7,14.64198,-90.51324
Guayaquil,Ecuador,9,-2.147634,-79.9417504
Guildford,United Kingdom,479,51.239445558,-0.57588678
Guiyang,China,364,26.58333,106.71667
Gumi,South Korea,85,36.1136,128.336
Guntur,India,268,16.29974,80.45729
Gurgaon,India,268,28.4665886,77.0333116
Gzira,Malta,10,35.9045834,14.4926885
HaSharon,Israel,62,32.31667,34.91667
Haarlem,The Netherlands,185,52.381044553,4.642828229
Hagatna,Guam,3,13.472538,144.7543748
Haifa,Israel,62,32.817285,34.988765
Haikou,China,364,20.03421,110.34651
Halifax,Canada,283,44.648881,-63.575312
Halifax,United Kingdom,479,53.722842416,-1.860177544
Hamburg,Germany,464,53.550677999,9.99697
Hamedan,Iran,20,34.79922,48.51456
Hami,China,364,42.83393,93.50601
Hamilton,Canada,283,43.25549,-79.873376
Hamilton BM,Bermuda,2,32.2941903,-64.7839374
Hamilton NZ,New Zealand,57,-37.789474095,175.281099311
Hamina,Finland,86,60.575845024,27.180122216
Hangzhou,China,364,30.29365,120.16142
Hannover,Germany,464,52.374550999,9.738083999
Hanoi,Vietnam,38,21.028279,105.853881
Harare,Zimbabwe,3,-17.8276279,31.0504518
Harku,Estonia,12,59.427714995,24.547463638
Hasselt,Belgium,48,50.914955632,5.332553947
Hawaii,USA,3778,21.439542579,-157.94363193
Haßfurt,Germany,464,50.031493999,10.506648001
Heerlen,The Netherlands,185,50.892460408,5.977868533
Hefei,China,364,31.86389,117.28083
Heidelberg,Germany,464,49.408825999,8.702066999
Helsinki,Finland,86,60.229686469,24.991973176
Hengelo,The Netherlands,185,52.269017798,6.800436561
Heraklion,Greece,23,35.3292189,25.1386597
Herford,Germany,464,52.115597999,8.673516001
Hermansverk,Norway,84,61.1846047,6.8501406
Hermosillo,Mexico,62,29.101414199,-110.980131658
Herne,Germany,464,51.540364999,7.222793
Herning,Denmark,81,56.138479,8.973178
Hertford,United Kingdom,479,51.796979662,-0.076742238
Herzliya,Israel,62,32.1648584,34.844166
Heyuan,China,364,23.73333,114.68333
High Wycombe,United Kingdom,479,51.628767609,-0.749443809
Hiroshima,Japan,242,34.38524389,132.45534115
Ho Chi Minh City,Vietnam,38,10.82302,106.62965
Hobart,Australia,264,-42.883401157,147.329438724
Hof,Germany,464,50.316520999,11.913545001
Hof Hasharon,Israel,62,32.31667,34.91667
Hofkirchen,Germany,464,48.678099999,13.118197
Hohhot,China,364,40.81056,111.65222
Honefoss,Norway,84,60.1668594,10.2551991
Hong Kong,Hong Kong,83,22.351958323,114.119385987
Honiara,Solomon Islands,1,-9.43333,159.95
Hradec Kralove,Czech Republic,54,50.207877638,15.834358725
Hudiksvall,Sweden,110,61.716971558892,17.093171072334
Huesca,Spain,188,42.1400519,-0.40887
Hull,United Kingdom,479,53.7446,-0.33525
Humacao,Puerto Rico,8,18.133231836637,-65.787793048079
Huozhou,China,364,36.58627,111.82131
Hyderabad,India,268,17.3617194,78.4751689
Hämeenlinna,Finland,86,61.02123299,24.493231101
Húsavík,Iceland,12,66.046221611,-17.343524843
Iasi,Romania,63,47.159811,27.5872013
Ibiza,Spain,188,38.9088415,1.4323924
Idaho,USA,3778,44.388995394,-114.659446938
Illinois,USA,3778,40.11404657,-89.158650902
Imola,Italy,201,44.3558937,11.7160903
Incheon,South Korea,85,37.45646,126.70515
Indiana,USA,3778,39.919806964,-86.281793488
Indore,India,268,22.7186729,75.8557106
Innsbruck,Austria,53,47.2626899,11.3947034
Invercargill,New Zealand,57,-46.411253928,168.35282747
Inzai City,Japan,242,35.83236395,140.14578124
Iowa,USA,3778,42.074698104,-93.499972411
Ipoh,Malaysia,107,4.5988183,101.0771142
Irvine,United Kingdom,479,55.615615477,-4.664870361
Isfahan,Iran,20,32.65246,51.67462
Islamabad,Pakistan,27,33.72148,73.04329
Isparta,Turkey,76,37.764345,30.556212
Istanbul,Turkey,76,41.0129952,28.9747973
Itaúna,Brazil,195,-20.0728892,-44.5763548
Ivancice,Czech Republic,54,49.098429553,16.371141563
Iwamizawa,Japan,242,43.19602695,141.77534636
Izmir,Turkey,76,38.418724,27.129601
Jaipur,India,268,26.9210387,75.7943593
Jakarta,Indonesia,183,-6.1747565,106.8270734
Jakobstad,Finland,86,63.675043998,22.694122103
Jambi,Indonesia,183,-1.60301,103.583526
Jashore,Bangladesh,15,23.804670475,90.288453901
Jeddah,Saudi Arabia,52,21.4873043,39.1813367
Jember,Indonesia,183,-8.1739083,113.6951583
Jena,Germany,464,50.930059999,11.591842
Jerusalem,Israel,62,31.7890222,35.2010767
Jiaxing,China,364,30.7522,120.75
Jihlava,Czech Republic,54,49.401675069,15.585495431
Joao Pessoa,Brazil,195,-7.1152478,-34.8610531
Johannesburg,South Africa,60,-26.201452,28.045488
Johor Bahru,Malaysia,107,1.4593911,103.7648674
Johvi,Estonia,12,59.357517104,27.412125899
Joinville,Brazil,195,-26.3026297,-48.8437019
Jokkmokk,Sweden,110,66.897693043921,18.646469427942
Jonkoping,Sweden,110,57.7817963,14.1584992
Jura,Switzerland,112,47.367695798,7.197742153
Jyvaskyla,Finland,86,62.235837652,25.737675943
Kabul,Afghanistan,2,34.5218409,69.1806732
Kajaani,Finland,86,64.22633865,27.713135914
Kaliningrad,Russia,175,54.7180917,20.4971787
Kalkara,Malta,10,35.8900705,14.5275883
Kaluga,Russia,175,54.5156254,36.2652372
Kamloops,Canada,283,50.676055,-120.340733
Kampala,Uganda,4,0.3156879,32.5781139
Kanazawa,Japan,242,36.56105467,136.65651271
Kansas,USA,3778,38.484726713,-98.380170629
Kaohsiung City,Taiwan,37,22.6205476,120.3120483
Kapfenberg,Austria,53,47.443558,15.2900991
Kapitan Andreevo,Bulgaria,31,41.7208338,26.3204026
Karachi,Pakistan,27,24.8608,67.0104
Karaganda,Kazakhstan,15,49.8383231,73.1156017
Karlshamn,Sweden,110,56.185954875505,14.909548344662
Karlsruhe,Germany,464,49.009625999,8.405282
Kathmandu,Nepal,10,27.7120171,85.3129501
Katowice,Poland,97,50.264373594,19.023555858
Katrineholm,Sweden,110,59.013419505068,16.266776451357
Kaunas,Lithuania,19,54.909025134,23.932923775
Kawaguchi,Japan,242,35.80671675,139.7233725
Kawasaki,Japan,242,35.53085454,139.70307005
Kayseri,Turkey,76,38.73222,35.48528
Kazan,Russia,175,55.7843352,49.1198102
Keflavik,Iceland,12,64.00492,-22.56242
Kelowna,Canada,283,49.888018,-119.495451
Kemi,Finland,86,65.739391531,24.589589381
Kent,United Kingdom,479,51.23667,0.72393
Kentucky,USA,3778,37.527232524,-85.287620068
Keuruu,Finland,86,62.262698714,24.653639953
Khabarovsk,Russia,175,48.4760929,135.060536
Kharkov,Ukraine,36,49.98081,36.25272
Khartoum,Sudan,1,15.55177,32.53241
Khmelnitskiy,Ukraine,36,49.41835,26.97936
Khobar,Saudi Arabia,52,26.27944,50.20833
Kiel,Germany,464,54.321774999,10.137270001
Kiev,Ukraine,36,50.4497495,30.5237178
Kigali,Rwanda,3,-1.9449562,30.0620453
Kildare,Ireland,128,53.1598293,-6.9089975
Kingston,Canada,283,44.229907,-76.480456
Kingston,Jamaica,1,17.9733754,-76.7586656
Kinshasa,DR Congo,4,-4.32758,15.31357
Kirkebygden,Norway,84,59.4921027,10.8743207
Klagenfurt,Austria,53,46.62472,14.30528
Kobe,Japan,242,34.68942768,135.19575707
Kolbotn,Norway,84,59.8116018,10.7983628
Kolding,Denmark,81,55.4907497,9.4721121
Kolkata,India,268,22.5655734,88.3702152
Konstanz,Germany,464,47.662756999,9.175957
Konya,Turkey,76,37.871658,32.498959
Koper,Slovenia,20,45.539260238,13.724834142
Korfez,Turkey,76,40.770908,29.766477
Korgen,Norway,84,66.0769201,13.8212277
Kosice,Slovakia,13,48.723991571,21.260430432
Kouvola,Finland,86,60.893498199,26.699252751
Kozani,Greece,23,40.30103,21.785963
Kragujevac,Serbia,13,44.010211,20.918259
Krakow,Poland,97,50.061781198,19.937369714
Krasnoyarsk,Russia,175,56.01005,92.8526
Kremenchuk,Ukraine,36,49.06253,33.40484
Kristiansand,Norway,84,58.1446946,7.9982841
Kristiansund,Norway,84,63.135919441135,7.714756070476
Kuala Lumpur,Malaysia,107,3.1533981,101.6970971
Kuching,Malaysia,107,1.5535622,110.3389751
Kuhmo,Finland,86,64.137730798,29.517566201
Kunming,China,364,25.03889,102.71833
Kuopio,Finland,86,62.901363407,27.699159166
Kupang,Indonesia,183,-10.162884,123.581621
Kursk,Russia,175,51.731391,36.1928618
Kuwait City,Kuwait,5,29.355337252,47.612165881
Kyoto,Japan,242,35.01169705,135.76816161
Kyzylorda,Kazakhstan,15,44.8386622,65.5146179
La Paz,Bolivia,5,-16.4977871,-68.1258403
La Rochelle,France,315,46.159608789,-1.151284976
Labuan,Malaysia,107,5.3130227,115.2380557
Lagos,Nigeria,22,6.4931107,3.3841634
Lahore,Pakistan,27,31.558,74.35071
Lahti,Finland,86,60.981118165,25.721926575
Lamezia Terme,Italy,201,38.973641,16.3168187
Landeck,Austria,53,47.033667432317,10.482865417441
Langfang,China,364,39.50972,116.69472
Lanzhou,China,364,36.05701,103.83987
Laon,France,315,49.565049524,3.620621648
Laos,Laos,2,18.495498279,103.768057465
Lappeenranta,Finland,86,61.051719372,28.241877904
Larnaca,Cyprus,18,34.9177049,33.6366323
Las Palmas,Spain,188,29.416481733333,-13.504866833333
Launceston,Australia,264,-41.442732231,147.144993444
Lausanne,Switzerland,112,46.52481914,6.626177179
Le Creusot,France,315,46.805360694,4.428269804
Le Havre,France,315,49.494261098,0.107801459
Le Lamentin,Martinique,1,14.615433793,-61.003500853
Le Mans,France,315,48.007523159,0.197347784
Le Port,Reunion,5,-20.935272443,55.29026794
Lecce,Italy,201,40.3532912,18.1740146
Leeds,United Kingdom,479,53.800718598,-1.550267941
Leeuwarden,The Netherlands,185,53.201134953,5.805000142
Leicester,United Kingdom,479,52.633632508,-1.133454264
Leipzig,Germany,464,51.338287999,12.377931001
Leiston,United Kingdom,479,52.207934883,1.576601182
Lelystad,The Netherlands,185,52.507038286,5.473746342
Lentini,Italy,201,37.2865228,15.0005921
Leon,Mexico,62,20.951976944,-101.710863056
Lethbridge,Canada,283,49.69349,-112.84184
Letterkenny,Ireland,128,54.9490373,-7.7342166
Leuk,Switzerland,112,46.314932607,7.654287965
Leuven,Belgium,48,50.882173608,4.705906182
Libreville,Gabon,1,0.3902009,9.4443643
Liege,Belgium,48,50.63176777,5.59046281
Lille,France,315,50.6304582,3.071339915
Lima,Peru,14,-12.04318,-77.02824
Limassol,Cyprus,18,34.6716262,33.0425038
Limburg,The Netherlands,185,51.209225871,5.933869224
Limerick,Ireland,128,52.6638571,-8.6267726
Limoges,France,315,45.826337539,1.260531636
Lincolnshire,United Kingdom,479,53.18439,-0.27857
Lindau,Germany,464,47.546457999,9.684376001
Linkoping,Sweden,110,58.413738,15.6235082
Linyi,China,364,35.06306,118.34278
Linz,Austria,53,48.306089,14.2864367
Lisbon,Portugal,45,38.7070085,-9.1356407
Liverpool,United Kingdom,479,53.409366791,-2.978494817
Ljubljana,Slovenia,20,46.063332073,14.51943693
Ljungaverk,Sweden,110,62.4892804,16.0510659
Lodz,Poland,97,51.764444457,19.463055493
Logrono,Spain,188,42.46569,-2.44998
Lokeren,Belgium,48,51.137923286,3.955566685
Lomé,Togo,2,6.1336536,1.2231122
London,Canada,283,42.988148,-81.246092
London,United Kingdom,479,51.50740836,-0.127698693
Londonderry,United Kingdom,479,54.91667,-6.91667
Los Andes,Chile,66,-32.8378727,-70.5998776
Los Llanos,Spain,188,37.2867532,-2.1766346
Louisiana,USA,3778,30.185846167,-91.42642
Luanda,Angola,10,-8.8160202,13.2319183
Lucca,Italy,201,43.8430139,10.507994
Lucerne,Switzerland,112,47.100639615,8.203793198
Lucknow,India,268,26.8462595,80.9490001
Ludhiana,India,268,30.91204,75.85379
Lugano,Switzerland,112,46.008037953,8.952290727
Lulea,Sweden,110,65.5841574,22.1547489
Lund,Sweden,110,55.7028943,13.1947108
Luoyang,China,364,34.68361,112.45361
Lusaka,Zambia,3,-15.4196231,28.2831472
Luton,United Kingdom,479,51.879552016,-0.417425005
Luxembourg,Luxembourg,16,49.776828429,6.092325247
Luzhou,China,364,28.8903,105.42575
Lycksele,Sweden,110,64.653761395999,18.46047036266
Lyon,France,315,45.767634724,4.835037488
Lübbenau,Germany,464,51.868584,13.968659
Lübeck,Germany,464,53.866268999,10.683932
Lüdenscheid,Germany,464,51.215819999,7.63358
Lüliang,China,364,33.1203,119.056
Maastricht,The Netherlands,185,50.848376453,5.693558527
Maddinah,Saudi Arabia,52,24.9,39.5
Madiun,Indonesia,183,-7.5945839,111.5449421
Madliena,Malta,10,35.89222,14.4175
Madrid,Spain,188,40.4166909,-3.7003454
Madurai,India,268,9.920129,78.110878
Maebashi,Japan,242,36.38949739,139.06341843
Magdeburg,Germany,464,52.126247999,11.632726
Mahlow,Germany,464,52.360141067,13.410780405
Maine,USA,3778,45.315249922,-69.203947061
Makassar,Indonesia,183,-5.14861,119.43194
Makati City,Philippines,34,14.569122,121.0261473
Malabo,Equatorial Guinea,1,3.7529773,8.7740785
Malaga,Spain,188,36.7196292,-4.4200007
Malang,Indonesia,183,-7.9797,112.6304
Maldonado,Uruguay,10,-34.8970014,-54.9518971
Male,Maldives,3,4.1715622,73.5092324
Malmö,Sweden,110,55.6033166,13.0013362
Mamoudzou,Mayotte,1,-12.780694735,45.232412161
Manado,Indonesia,183,1.4693781,124.8443316
Managua,Nicaragua,3,12.13932,-86.26096
Manama,Bahrain,8,26.2326905,50.578107
Manaus,Brazil,195,-3.1063916,-60.0262934
Manchester,United Kingdom,479,53.478956243,-2.245275766
Mandalay,Myanmar,5,21.97473,96.08359
Manila,Philippines,34,14.5822592,120.9748038
Mannheim,Germany,464,49.487779999,8.466275001
Manocalzati,Italy,201,40.9426666,14.8506296
Manokwari,Indonesia,183,-0.868377,134.077677
Mansura,Egypt,13,31.040723,31.3824668
Manzanillo,Mexico,62,19.107138231,-104.324826351
Maputo,Mozambique,6,-25.9732457,32.572029
Marchtrenk,Austria,53,48.1906883,14.109907
Mareuil sur Ay,France,315,49.04581,4.03587
Maribor,Slovenia,20,46.546139601,15.648047027
Maringa,Brazil,195,-23.4273197,-51.9369606
Marsa,Malta,10,35.8824236,14.4910475
Marseille,France,315,43.296606916,5.369866968
Maryland,USA,3778,38.818199284,-76.15873
Maseru,Lesotho,2,-29.3141439,27.4831963
Massachusetts,USA,3778,42.358670324,-71.718185
Mataram,Indonesia,183,-8.5848585,116.1091594
Matosinhos,Portugal,45,41.1829988,-8.6797688
Matsue,Japan,242,35.46776182,133.04860721
Matsuyama,Japan,242,33.83917304,132.76560169
Mbabane,Eswatini,1,-26.3260771,31.1460792
Mecca,Saudi Arabia,52,21.4249467,39.8219955
Medan,Indonesia,183,3.589999,98.678016
Medellin,Colombia,41,6.2482172,-75.5800345
Medina,Saudi Arabia,52,24.4676039,39.6054404
Melbourne,Australia,264,-37.815051434,144.960255426
Menden,Germany,464,51.439280999,7.795344001
Mendoza,Argentina,42,-32.89084,-68.82717
Merate,Italy,201,45.6988997,9.4141219
Merida,Mexico,62,20.979309928,-89.627166265
Merritt,Canada,283,50.112834,-120.789653
Metz,France,315,49.119590722,6.176355886
Mexico City,Mexico,62,19.430457906,-99.141684761
Michigan,USA,3778,44.125199834,-84.1966975
Middenmeer,The Netherlands,185,52.801452603,5.003683611
Middlesbrough,United Kingdom,479,54.576443362,-1.236839239
Mikkeli,Finland,86,61.668315306,27.27904967
Milan,Italy,201,45.4636183,9.1881156
Milton Keynes,United Kingdom,479,52.043032997,-0.754041654
Minnesota,USA,3778,46.348855766,-94.200790583
Minsk,Belarus,2,53.8976873,27.5494218
Misrata,Libya,6,32.37535,15.09254
Mississauga,Canada,283,43.58882,-79.644378
Mississippi,USA,3778,32.723977799,-89.657175808
Missouri,USA,3778,38.367982746,-92.477746617
Mladá Boleslav,Czech Republic,54,50.415747722,14.905860736
Modena,Italy,201,44.6470972,10.9251918
Mohali,India,268,30.67995,76.72211
Molde,Norway,84,62.871332266667,7.7580357
Mombasa,Kenya,20,-4.0574645,39.663945
Monaco,Monaco,3,43.731704512,7.424355
Moncton,Canada,283,46.087971,-64.77714
Mons,Belgium,48,50.452412522,3.971948154
Montana,Bulgaria,31,43.4064252,23.2252002
Montana,USA,3778,47.033499333,-109.645067732
Monterrey,Mexico,62,25.700981716,-100.33594867
Montevideo,Uruguay,10,-34.9055557,-56.1852505
Montpellier,France,315,43.598499355,3.896845979
Montreal,Canada,283,45.508867,-73.554242
Montreux,Switzerland,112,46.4364911,6.91125764
Morava,Czech Republic,54,48.9511216,17.3836843
Moscow,Russia,175,55.7565408,37.6149202
Moss Vale,Australia,264,-34.543683543,150.377560191
Most,Czech Republic,54,50.502691133,13.636171833
Mukim Labu,Malaysia,107,5.3530606,100.2062305
Mullingar,Ireland,128,53.525822,-7.3412153
Mumbai,India,268,18.9690472,72.8211807
Munich,Germany,464,48.143438999,11.573599
Munster,Germany,464,51.961907999,7.626804
Murcia,Spain,188,37.9835334,-1.129905
Muriae,Brazil,195,-21.1302371,-42.3674953
Murmansk,Russia,175,68.9784555,33.0888418
Muscat,Oman,16,23.6135446,58.5941071
Måløy,Norway,84,61.937272,5.113579
Naas,Ireland,128,53.2192615,-6.6615099
Nagano,Japan,242,36.64858594,138.19476132
Nagoya,Japan,242,35.18142047,136.90668338
Naha,Japan,242,26.21232659,127.67916318
Nairobi,Kenya,20,-1.2857857,36.8200253
Namsskogan,Norway,84,64.865525535098,13.010748088668
Namur,Belgium,48,50.460442399,4.872583323
Nanaimo,Canada,283,49.163757,-123.937972
Nancy,France,315,48.692938002,6.183924485
Nanjing,China,364,32.06167,118.77778
Nanming,China,364,26.53656,106.72996
Nanning,China,364,22.81667,108.31667
Nantes,France,315,47.21838348,-1.554317317
Nantong,China,364,32.03028,120.87472
Naples,Italy,201,40.8399833,14.2525421
Narbonne,France,315,43.183870014,3.003810464
Narva,Estonia,12,59.375786423,28.196306228
Nashik,India,268,19.99727,73.79096
Nassau,Bahamas,4,25.0465887,-77.3765998
Navi Mumbai,India,268,19.03681,73.01582
Nebraska,USA,3778,41.527270326,-99.811107307
Neom,Saudi Arabia,52,28.1021936,35.1134768
Netanya,Israel,62,32.32937,34.8565442
Nettetal,Germany,464,51.308119999,6.275553001
Neuchatel,Switzerland,112,46.993851622,6.93104046
Nevada,USA,3778,39.356482037,-116.655436405
New Delhi,India,268,28.6324252,77.218791
New Hampshire,USA,3778,43.685525247,-71.577596738
New Jersey,USA,3778,39.613348353,-74.728565
New Mexico,USA,3778,34.421326534,-106.108403845
New Nizwa,Oman,16,22.967932017114,57.557879998128
New Plymouth,New Zealand,57,-39.059528045,174.073089326
New Taipei City,Taiwan,37,25.0117099,121.4658836
New York,USA,3778,40.7130466,-74.0072301
Newbury,United Kingdom,479,51.400264658,-1.323033584
Newcastle,United Kingdom,479,54.97328,-1.61396
Newcastle AU,Australia,264,-32.9270838,151.7729448
Newman,Australia,264,-22.960364596,119.930178634
Nice,France,315,43.695978065,7.271454889
Nicosia,Cyprus,18,35.1702478,33.358703
Nighny Novgorod,Russia,175,56.3265567,44.0081101
Niigata,Japan,242,37.91619696,139.03635144
Nikolaev,Ukraine,36,46.9667556,31.9913401
Nimes,France,315,43.836720001,4.360292168
Nis,Serbia,13,43.316868,21.894499
Nizhny Novgorod,Russia,175,56.3265567,44.0081101
Nogales,Mexico,62,18.820983201,-97.163800509
Noida,India,268,28.5846687,77.3520063
Noord-Brabant,The Netherlands,185,51.526707225,5.583620518
Nordhorn,Germany,464,52.435803999,7.071263
Norrköping,Sweden,110,58.594719,16.183627
North Carolina,USA,3778,35.539344335,-79.185417913
North Dakota,USA,3778,47.44627334,-100.46938737
North Wales,United Kingdom,479,53.22898,-2.918532
Northamptonshire,United Kingdom,479,52.30769,-0.86471
Norwich,United Kingdom,479,52.628893307,1.293330365
Nossegem,Belgium,48,50.88181,4.50817
Nottingham,United Kingdom,479,52.95621589,-1.15120109
Noumea,New Caledonia,3,-22.2628044,166.4446442
Nouville,New Caledonia,3,-22.26024,166.40225
Nova Gorica,Slovenia,20,45.990008413,13.68012252
Novi Travnik,Bosnia and Herzegovina,4,44.1669639,17.6524018
Novosibirsk,Russia,175,55.0316796,82.9280007
Nowa Sol,Poland,97,51.80112289,15.70740815
Nuoro,Italy,201,40.3209956,9.3303557
Nuremberg,Germany,464,49.450937999,11.075269
Nuuk,Greenland,2,60.231346889,-44.165856871
Nyiregyhaza,Hungary,17,47.9550191,21.7174006
Oakville,Canada,283,43.467517,-79.687666
Oberhausen,Germany,464,51.470316999,6.852291001
Odense,Denmark,81,55.3962255,10.3905956
Odessa,Ukraine,36,46.4752044,30.7087978
Ohio,USA,3778,40.413056799,-82.711215186
Okayama,Japan,242,34.65514777,133.91970199
Okinawa,Japan,242,26.21228115,127.68094692
Oklahoma,USA,3778,35.58268395,-97.508599361
Olbia,Italy,201,40.9225127,9.4868537
Oldenburg,Germany,464,53.140024999,8.212993
Olomouc,Czech Republic,54,49.592298938,17.257741988
Olsztyn,Poland,97,53.776453573,20.48772802
Omsk,Russia,175,54.9797599,73.4106394
Opole,Poland,97,50.667732632,17.928593896
Oran,Algeria,6,35.69906,-0.63588
Ordos City,China,364,39.6086,109.78157
Oregon,USA,3778,43.938780241,-120.558560912
Osaka,Japan,242,34.69372591,135.50216195
Osijek,Croatia,15,45.552721117,18.685303875
Oslo,Norway,84,59.9138204,10.7387413
Ostermieting,Austria,53,48.0459985,12.8299028
Ostrava,Czech Republic,54,49.818421592,18.249840795
Ottawa,Canada,283,45.425226,-75.699963
Ouagadougou,Burkina Faso,1,12.3715354,-1.5199175
Oulu,Finland,86,65.044289393,25.523867604
Overijssel,The Netherlands,185,52.444558512,6.44172295
Oviedo,Spain,188,43.3602825,-5.8447919
Oxfordshire,United Kingdom,479,51.76577,-1.32233
Oyama,Japan,242,36.31452073,139.8007416
Padang,Indonesia,183,-0.95247,100.36182
Paderborn,Germany,464,51.719600999,8.757301
Padova,Italy,201,45.4095409,11.8765508
Paine,Chile,66,-33.815369,-70.739973
Pakkred,Thailand,57,13.91301,100.49883
Palembang,Indonesia,183,-2.987965,104.760314
Palermo,Italy,201,38.115664,13.3614707
Palma,Spain,188,39.5694515,2.6499457
Palmas,Brazil,195,-10.1845063,-48.3346604
Palmerston North,New Zealand,57,-40.349207811,175.611963635
Pamplona,Spain,188,42.8179948,-1.6441817
Panama City,Panama,17,8.9673,-79.5339
Panchkula,India,268,30.7104891,76.8523932
Papeete,French Polynesia,2,-17.5372634,-149.5660301
Papenoo,French Polynesia,2,-17.5137551,-149.4214534
Paphos,Cyprus,18,34.7759299,32.421476
Paramaribo,Suriname,2,5.8238299,-55.1819366
Pardubice,Czech Republic,54,50.033138109,15.773652946
Paris,France,315,48.856372814,2.352529617
Parma,Italy,201,44.8078212,10.3296266
Parnaíba,Brazil,195,-2.9027448,-41.7750405
Pathumthani,Thailand,57,14.01346,100.53049
Patna,India,268,25.6112236,85.1306922
Pattaya,Thailand,57,12.949372567,100.892905003
Pau,France,315,43.294806736,-0.370777029
Pavia,Italy,201,45.1858877,9.1565627
Pavlodar,Kazakhstan,15,52.2416921,77.0341264
Pawłowice,Poland,97,49.961227144,18.718002928
Peace River,Canada,283,56.14991,-120.00287
Pekanbaru,Indonesia,183,0.526719,101.450761
Pennsylvania,USA,3778,40.896511654,-77.838750776
Perm,Russia,175,58.0067547,56.2285736
Perseverance Island,Seychelles,1,-4.6052948,55.4640668
Perth,Australia,264,-31.943841237,115.860522474
Perugia,Italy,201,43.1124355,12.3895637
Pescara,Italy,201,42.4648263,14.2140946
Petah Tikva,Israel,62,32.089869,34.88045
Peterborough,United Kingdom,479,52.572528071,-0.242483168
Phnom Penh,Cambodia,10,11.5661768,104.8820388
Piacenza,Italy,201,45.0537735,9.6951421
Pisa,Italy,201,43.7161354,10.3965843
Pisek,Czech Republic,54,49.30720589,14.149500563
Pitea,Sweden,110,65.323526112739,21.194155902425
Ploiesti,Romania,63,44.9404004,26.0238227
Plovdiv,Bulgaria,31,42.1449239,24.7503222
Podolsk,Russia,175,55.4336301,37.5485301
Poitiers,France,315,46.580124499,0.341217237
Pondicherry,India,268,11.9341071,79.808036
Pontianak,Indonesia,183,-0.0218759,109.337571
Poole,United Kingdom,479,50.71892129,-1.979825936
Pordenone,Italy,201,45.9626521,12.6550436
Pori,Finland,86,61.509129092,21.783597092
Port Elizabeth,South Africa,60,-33.96109,25.61494
Port Hedland,Australia,264,-20.310004336,118.603394243
Port Louis,Mauritius,10,-20.1578888,57.5056055
Port Moresby,Papua New Guinea,1,-9.4670693,147.1960341
Port of Spain,Trinidad and Tobago,4,10.6578189,-61.5167109
Porto,Portugal,45,41.1501526,-8.610318
Porto Alegre,Brazil,195,-30.027679,-51.2286404
Portsmouth,United Kingdom,479,50.796839113,-1.091156463
Poznan,Poland,97,52.410870377,16.938415328
Prachatice,Czech Republic,54,48.988143013,13.885223373
Prague,Czech Republic,54,50.071199678,14.450977012
Presov,Slovakia,13,48.997665234,21.240067748
Pretoria,South Africa,60,-25.7460186,28.1871204
Prince George,Canada,283,53.913554,-122.750218
Princes Town,Trinidad and Tobago,4,10.270188,-61.3759055
Pringy,France,315,48.521660966,2.558449161
Prishtine,Kosovo,1,42.665437,21.165324
Puerto Montt,Chile,66,-41.4717559,-72.9396722
Pune,India,268,18.5207614,73.8554108
Punta Arenas,Chile,66,-53.1619676,-70.9095634
Purwakarta,Indonesia,183,-6.5613902,107.4438065
Pyhäjärvi,Finland,86,63.661431666,25.968445906
Pécs,Hungary,17,46.0713012,18.2331371
Qingdao,China,364,36.06488,120.38042
Qingyang,China,364,24.81978,118.57415
Qinhuangdao,China,364,39.93167,119.58833
Qom,Iran,20,34.6401,50.8764
Qormi,Malta,10,35.8779334,14.4742514
Quatre Bornes,Mauritius,10,-20.2657985,57.4791102
Quebec,Canada,283,53.38260342,-71.748742246
Queretaro,Mexico,62,20.60241203,-100.403575448
Quito,Ecuador,9,-0.214945,-78.5132
Rabat,Morocco,14,34.0219907,-6.837616
Radom,Poland,97,51.400654614,21.157799958
Ramallah,Palestine,1,31.89964,35.20422
Randers,Denmark,81,56.4648597,10.047079
Rasht,Iran,20,37.27611,49.58862
Ravenna,Italy,201,44.4157367,12.1965892
Rayong,Thailand,57,12.706987819,101.183179733
Recife,Brazil,195,-8.0551894,-34.871176
Red Deer,Canada,283,52.268182,-113.81121
Reduit,Mauritius,10,-20.2309998,57.4984017
Regensburg,Germany,464,49.017833999,12.097392
Regina,Canada,283,50.448119,-104.615859
Reigate,United Kingdom,479,51.237678272,-0.20579991
Reims,France,315,49.258241397,4.031506028
Rennes,France,315,48.111582472,-1.68005409
Reykjavik,Iceland,12,64.145778574,-21.941573675
Rhode Island,USA,3778,41.48871294,-71.454319467
Ribeirao Preto,Brazil,195,-21.1766308,-47.8208378
Riga,Latvia,24,56.978018573,24.122476403
Rijeka,Croatia,15,45.340230019,14.42722787
Rio Cuarto,Argentina,42,-33.1429694,-64.3292827
Rio de Janeiro,Brazil,195,-22.9014475,-43.1789159
Rivne,Ukraine,36,50.6130575,26.2550158
Riyadh,Saudi Arabia,52,24.69497,46.72413
Rjukan,Norway,84,59.8790266,8.5913434
Roann,France,315,45.9963,4.0367
Roanne,France,315,46.034347107,4.072831272
Rodez,France,315,44.349408655,2.576021508
Rohtak,India,268,28.8902749,76.582572
Rome,Italy,201,41.8905568,12.4942679
Roosendaal,The Netherlands,185,51.528527269,4.462129898
Rosario,Argentina,42,-32.959243,-60.683476
Rose Belle,Mauritius,10,-20.4028169,57.6037617
Rostock,Germany,464,54.088547999,12.135993
Rotterdam,The Netherlands,185,51.918323034,4.493749988
Roubaix,France,315,50.69095765,3.174049418
Rouen,France,315,49.44350314,1.100060105
Rovaniemi,Finland,86,66.514762969,25.743476082
Rožnov pod Radhoštěm,Czech Republic,54,49.463590636,18.146575858
Ruse,Bulgaria,31,43.8495786,25.9552292
Ryazan,Russia,175,54.6240756,39.7526105
Røyrvik,Norway,84,64.901495663962,13.639247761167
Saar,Bahrain,8,26.1956268,50.494986
Saarbrucken,Germany,464,49.236300999,6.996011
Saarbruecken,Germany,464,49.236300999,6.996011
Saarland,Germany,464,49.384327359,6.953618483
Saarlouis,Germany,464,49.315059999,6.75122
Sabha,Libya,6,27.0434535,14.4295173
Saeby,Denmark,81,57.3335899,10.5280742
Saint Denis,Reunion,5,-20.879429671,55.447800298
Saint John,Canada,283,45.273216,-66.064813
Saint Petersburg,Russia,175,59.9384841,30.312485
Saint Trivier sur Moignans,France,315,46.071918955,4.897624455
Saint-Etienne,France,315,45.440196896,4.387293903
Saint-Gaudens,France,315,43.106939065,0.723601528
Sainte-Clotilde,Reunion,5,-20.90429,55.47826
Saitama,Japan,242,35.86166883,139.64554283
Salalah,Oman,16,17.0117235,54.1256664
Salzburg,Austria,53,47.800499,13.04441
Salzkotten,Germany,464,51.671700999,8.604953999
Samara,Russia,175,53.2053488,50.1631197
Samsun,Turkey,76,41.2894539,36.3392809
San Jose CR,Costa Rica,12,-32.301544,115.74439
San Juan,Puerto Rico,8,18.466302,-66.105229
San Luis,Argentina,42,-33.2756676,-66.3442344
San Luis Potosi,Mexico,62,22.148180261,-100.973929674
San Pedro Sula,Honduras,4,15.50523,-88.02497
San Salvador,El Salvador,3,13.69841,-89.19235
Sandefjord,Norway,84,59.1311758,10.2166462
Sankt Gallen,Switzerland,112,47.42351923,9.367297457
Santa Cruz de Tenerife,Spain,188,28.4697982,-16.2548355
Santa Cruz de la Sierra,Bolivia,5,-17.7832785,-63.1791617
Santa Maria,Brazil,195,-29.7034237,-53.8152052
Santa Maria,Panama,17,8.101486599216,-80.692703082701
Santa Rosa,Argentina,42,-36.6262749,-64.2913141
Santa Rosa,Philippines,34,15.4249988,120.9388344
Santander,Spain,188,43.4614116,-3.8093031
Santiago,Chile,66,-33.4459946,-70.6670569
Santo Domingo,Dominican Republic,3,18.4720187,-69.9020309
Sanya,China,364,18.24306,109.505
Sao Jose do Rio Preto,Brazil,195,-20.8108698,-49.3791295
Sao Paulo,Brazil,195,-23.5486657,-46.6382522
Sapporo,Japan,242,43.06203724,141.35436879
Sarajevo,Bosnia and Herzegovina,4,43.8581843,18.4123422
Sarpang,Bhutan,3,26.897458617264,90.347462161953
Saskatoon,Canada,283,52.130736,-106.660152
Sauda,Norway,84,59.700425405526,6.446901411378
Schiphol-Rijk,The Netherlands,185,52.3103,4.76028
Schwerin,Germany,464,53.628544999,11.414434
Seinäjoki,Finland,86,62.783481643,22.860536756
Sejong,South Korea,85,36.59245,127.29223
Selangor,Malaysia,107,3.27164907535,101.497689432697
Semarang,Indonesia,183,-6.9910122,110.4231934
Semey,Kazakhstan,15,50.4017,80.222
Sendai,Japan,242,38.26821957,140.86940215
Seongnam,South Korea,85,37.43861,127.13778
Seoul,South Korea,85,37.566,126.9784
Serang,Indonesia,183,-6.1241529,106.1468446
Serowe,Botswana,5,-22.388715,26.6952611
Sevilla,Spain,188,37.38264,-5.9962951
Shah Alam,Malaysia,107,3.0741465,101.5185805
Shandong,China,364,28.42878,121.56459
Shanghai,China,364,31.22222,121.45806
Shantou,China,364,23.36814,116.71479
Shanwei,China,364,22.78199,115.3475
Shaoyang,China,364,27.23818,111.46214
Sharjah,United Arab Emirates,55,25.33737,55.41206
Shawinigan,Canada,283,46.541128,-72.744974
Sheffield,United Kingdom,479,53.382525584,-1.468535662
Shenyang,China,364,41.79222,123.43278
Shenzhen,China,364,22.54554,114.0683
Shijiazhuang,China,364,38.04139,114.47861
Shiraz,Iran,20,29.61031,52.53113
Shizuoka,Japan,242,34.97515624,138.3832445
Shouf,Lebanon,2,34.1238002,35.787116
Shropshire,United Kingdom,479,52.676348832144,-2.772625279258
Siauliai,Lithuania,19,55.905426109,23.323944388
Sibiu,Romania,63,45.796933,24.1499923
Silkeborg,Denmark,81,56.183189,9.551722
Singapore,Singapore,65,1.2894365,103.8499802
Sion,Switzerland,112,46.22661805,7.354209103
Skanderborg,Denmark,81,56.034956,9.931422
Skien,Norway,84,59.2085987,9.6097894
Skopje,Macedonia,7,41.9940112,21.4359199
Sochi,Russia,175,43.584713,39.7186141
Sofia,Bulgaria,31,42.6964917,23.3260106
Sohar,Oman,16,24.3257544,56.751337
Sollefteå,Sweden,110,63.440285810203,16.885565070014
Solothurn,Switzerland,112,47.209186536,7.532700448
Somerset,United Kingdom,479,51.14898,-2.88998
Sophia Antipolis,France,315,43.62235,7.04721
Soria,Spain,188,41.7635982,-2.4649206
Sousse,Tunisia,4,35.8293001,10.6406309
South Carolina,USA,3778,33.903863409,-80.893752347
South Dakota,USA,3778,44.436128,-100.230536743
South Wales,United Kingdom,479,51.501083,-3.187871
Southampton,United Kingdom,479,50.904882121,-1.404303871
St Helier,Jersey,5,49.18804,-2.10491
St Peter Port,Guernsey,3,49.4588575,-2.5347517
St Saviour,Jersey,5,49.198984072244,-2.076367016031
St Venera,Malta,10,35.8883772,14.4781734
St. Croix,US Virgin Islands,1,17.735613395812,-64.74793575083
Stake Bay,Cayman Islands,2,19.7196854,-79.8260828
Stavanger,Norway,84,58.9644285,5.7262483
Steenbergen,The Netherlands,185,51.583331101,4.31893208
Stellenbosch,South Africa,60,-33.9353228,18.8553772
Stevenage,United Kingdom,479,51.90234303,-0.200780294
Stockholm,Sweden,110,59.3327881,18.0644881
Stoke-on-Trent,United Kingdom,479,53.022201047,-2.173368282
Stralsund,Germany,464,54.313974999,13.089972999
Strasbourg,France,315,48.573340291,7.752005015
Strovolos,Cyprus,18,35.1466052,33.3401563
Stuttgart,Germany,464,48.775816999,9.177734
Subic,Philippines,34,14.8775587,120.2349349
Sucat,Philippines,34,14.4567813,121.0486195
Suez,Egypt,13,29.97371,32.52627
Sungnam,South Korea,85,37.8737,128.2594
Sunshine Coast,Australia,264,-26.66436909,153.073648497
Sur,Oman,16,22.5869618,59.507581
Surabaya,Indonesia,183,-7.2392845,112.7362111
Surakarta,Indonesia,183,-7.5523271,110.8207139
Surrey,United Kingdom,479,51.24787,-0.4206
Sursee,Switzerland,112,47.173517176,8.105944821
Suwalki,Poland,97,54.101362731,22.928270838
Suzhou,China,364,31.30408,120.59538
Swindon,United Kingdom,479,51.561533386,-1.785446091
Sydney,Australia,264,-33.868719387,151.206957214
Szczecin,Poland,97,53.425109842,14.550810974
Szeged,Hungary,17,46.2536166,20.1461353
Szombathely,Hungary,17,47.23514,16.6219178
Tacna,Peru,14,-18.0136587,-70.2526914
Tai Po,Hong Kong,83,22.45007,114.16877
Taichung,Taiwan,37,24.1634888,120.6467399
Taichung City,Taiwan,37,24.1634888,120.6467399
Tainan,Taiwan,37,22.9916218,120.1850342
Taipa,Macau,1,22.1533166,113.556406
Taipei,Taiwan,37,25.0384125,121.5637046
Taiyuan,China,364,37.86944,112.56028
Takamatsu,Japan,242,34.34277046,134.04664007
Tallberg,Sweden,110,60.8260905,14.9924261
Tallinn,Estonia,12,59.43243767,24.744065678
Tambore,Brazil,195,-23.504824,-46.8269499
Tampere,Finland,86,61.500594045,23.81088151
Tamworth,Australia,264,-31.092874494,150.930966525
Tanger,Morocco,14,35.7703868,-5.803607
Tangier,Morocco,14,35.7703868,-5.803607
Taoyuan,Taiwan,37,24.9928997,121.3009662
Tashkent,Uzbekistan,6,41.3152751,69.2891866
Tauranga,New Zealand,57,-37.680852975,176.166641824
Tbilisi,Georgia,4,41.6936283,44.8016185
Tegucigalpa,Honduras,4,14.10576,-87.2042
Tehran,Iran,20,35.6863968,51.4328575
Tel Aviv,Israel,62,32.0735802,34.7880511
Telford,United Kingdom,479,52.675419032,-2.448750824
Temuco,Chile,66,-38.7399236,-72.5901605
Tennessee,USA,3778,35.843002697,-86.343051177
Teresina,Brazil,195,-5.0879258,-42.8009765
Texas,USA,3778,31.462733046,-99.33305009
The Hague,The Netherlands,185,52.069248385,4.296715483
Thessaloniki,Greece,23,40.6347769,22.9430919
Thimphu,Bhutan,3,27.4575906,89.623024
Tianjin,China,364,39.14222,117.17667
Tijuana,Mexico,62,32.503588044,-116.974820339
Timisoara,Romania,63,45.7509747,21.2261973
Tirana,Albania,4,41.327571,19.8192773
Toender,Denmark,81,55.089758332322,8.762613927691
Tokyo,Japan,242,35.68945633,139.69171609
Toledo ES,Spain,188,39.8567619,-4.0245279
Toliara,Madagascar,3,-23.3526925,43.6693585
Toluca,Mexico,62,19.283229876,-99.653659719
Tomsk,Russia,175,56.4884044,84.946831
Tomter,Norway,84,59.8569435,11.0938659
Tongling,China,364,30.95,117.78333
Tonstad,Norway,84,58.6626395,6.7169382
Toowoomba,Australia,264,-27.562160005,151.952759996
Toplita,Romania,63,46.99854101597,25.352751922657
Torino,Italy,201,45.0683751,7.6830662
Toronto,Canada,283,43.653524,-79.383907
Torun,Poland,97,53.013244465,18.614990612
Toulon,France,315,43.12442,5.92836
Toulouse,France,315,43.604595206,1.444217454
Tours,France,315,47.390847918,0.689480032
Townsville,Australia,264,-19.265077469,146.809176986
Trabzon,Turkey,76,41.0020719,39.7192164
Trento,Italy,201,46.0666665,11.1190676
Treviso,Italy,201,45.6662855,12.242072
Trieste,Italy,201,45.6535974,13.7785154
Tripoli,Libya,6,32.8922194,13.1730786
Trojmiasto,Poland,97,54.45098,18.53411
Trondheim,Norway,84,63.4345664,10.398439
Tsuen Wan,Hong Kong,83,22.37137,114.11329
Tsukuba,Japan,242,36.08348155,140.07645105
Tunis,Tunisia,4,34.116317988,9.608516496
Turku,Finland,86,60.450585216,22.268154765
Tver,Russia,175,56.859419,35.9123669
Uberlandia,Brazil,195,-18.9097091,-48.2619157
Udine,Italy,201,46.0649418,13.2307247
Ulaanbaatar,Mongolia,7,47.9228661,106.9232672
Ulanqab,China,364,40.993,113.133
Ulsan,South Korea,85,35.53722,129.31667
Ulvila,Finland,86,61.440745287,21.912189887
Unaizah,Saudi Arabia,52,26.1,44.0
Uri,Switzerland,112,46.861315564,8.649460556
Ushuaia,Argentina,42,-54.7893605,-68.2716265
Utah,USA,3778,39.323725193,-111.678248391
Utrecht,The Netherlands,185,52.09301548,5.105752713
Utsunomiya,Japan,242,36.55513381,139.88252095
Vaasa,Finland,86,63.101370127,21.641241073
Vaduz,Liechtenstein,7,47.1410409,9.5214458
Valence,France,315,44.933269681,4.892107529
Valencia,Spain,188,39.4702393,-0.3768049
Valencia VZ,Venezuela,6,10.1737775,-68.0044309
Valenciennes,France,315,50.357856469,3.524197715
Vallentuna,Sweden,110,59.587662132424,18.198326080918
Valparaíso,Chile,66,-33.045557,-71.619421
Vancouver,Canada,283,49.261636,-123.11335
Varaždin,Croatia,15,46.305937145,16.33408897
Varde,Denmark,81,55.6204,8.4794861
Varese,Italy,201,45.8176285,8.8263837
Varna,Bulgaria,31,43.2166452,27.9118058
Vaxjo,Sweden,110,56.8769804,14.8091798
Venice,Italy,201,45.434608,12.338913
Venlo,The Netherlands,185,51.370113038,6.162593931
Vermont,USA,3778,44.075207099,-72.662688804
Verona,Italy,201,45.4383527,10.9917125
Vestmannaeyjar,Iceland,12,63.441656281,-20.275234795
Viborg,Denmark,81,56.4531219,9.4020121
Vicenza,Italy,201,45.5459053,11.540307
Victoria,Canada,283,48.428409,-123.365642
Videira,Brazil,195,-27.008035,-51.152297
Vienna,Austria,53,48.2092062,16.3727778
Vilhelmina,Sweden,110,64.934242509807,16.008742999711
Villarrica,Paraguay,7,-25.7829413,-56.4475443
Villers-Le-Bouillet,Belgium,48,50.57708,5.25945
Vilnius,Lithuania,19,54.701609712,25.266350902
Vinnytsia,Ukraine,36,49.23281,28.494008
Virginia,USA,3778,37.512820504,-78.697948713
Visakhapatnam,India,268,17.7232934,83.3076128
Viseu,Portugal,45,40.6575445,-7.9142793
Vitoria,Brazil,195,-20.3168388,-40.3099161
Vladimir,Russia,175,56.1284766,40.4072411
Vladivostok,Russia,175,43.1157617,131.8854903
Volos,Greece,23,39.3605228,22.9453145
Voronezh,Russia,175,51.6330921,39.231641
Vrsac,Serbia,13,45.122173,21.296735
Västerås,Sweden,110,59.6164759,16.5513616
Wagga Wagga,Australia,264,-35.114992272,147.356005408
Wakefield,United Kingdom,479,53.683720573,-1.498171447
Warsaw,Poland,97,52.229827082,21.011731518
Washington,USA,3778,38.8920621,-77.0199124
Waterford,Ireland,128,52.2596947,-7.1082936
Waterloo,Canada,283,43.463398,-80.520118
Weinan,China,364,34.50355,109.50891
Wellington,New Zealand,57,-41.284893524,174.776100466
Wels,Austria,53,48.1565615,14.024403
Welwyn Garden City,United Kingdom,479,51.80380581,-0.206489788
Wenzhou,China,364,27.99942,120.66682
West Virginia,USA,3778,38.642414937,-80.613616641
Whangarei,New Zealand,57,-35.728737898,174.325613115
Wherstead,United Kingdom,479,52.022359957,1.142910777
Willemstad,Curacao,3,12.12246,-68.88641
Wiltshire,United Kingdom,479,51.31582,-1.93136
Windhoek,Namibia,2,-22.5652244,17.0843011
Windsor,Canada,283,42.317438,-83.035225
Winkler,Canada,283,49.179875,-97.93833
Winnipeg,Canada,283,49.899897,-97.138865
Winterthur,Switzerland,112,47.499963775,8.727121011
Wisconsin,USA,3778,44.644833367,-89.739185424
Woking,United Kingdom,479,51.318345826,-0.558106346
Wolfsburg,Germany,464,52.421937999,10.784975
Wollongong,Australia,264,-34.428565424,150.893400671
Wroclaw,Poland,97,51.107841756,17.038656154
Wuerzburg,Germany,464,49.793929999,9.93725
Wuhan,China,364,30.58333,114.26667
Wuhu,China,364,31.33728,118.37351
Wuppertal,Germany,464,51.271287999,7.195874001
Wuxi,China,364,31.56887,120.28857
Wuxing,China,364,30.8703,120.0933
Wyoming,USA,3778,42.999604339,-107.551610158
Wyszkow,Poland,97,52.59591725,21.45184935
Xaxim,Brazil,195,-26.9620666,-52.5349813
Xiamen,China,364,24.47979,118.08187
Xian,China,364,34.25833,108.92861
Yamaguchi,Japan,242,34.17852604,131.4737898
Yangon,Myanmar,5,16.80528,96.15611
Yangquan,China,364,37.8575,113.56333
Yaounde,Cameroon,2,3.8617683,11.5187504
Yaroslavl,Russia,175,57.6245967,39.8919202
Yekaterinburg,Russia,175,56.8376454,60.5945261
Yerevan,Armenia,2,40.173966,44.502747
Yogyakarta,Indonesia,183,-7.894563130513,110.445723795006
Yokohama,Japan,242,35.45039772,139.63424714
York,United Kingdom,479,53.962026649,-1.083683588
Yuzhno-Sakhalinsk,Russia,175,46.9650641,142.7392613
Zagreb,Croatia,15,45.815916177,15.980642745
Zallaq,Bahrain,8,26.0471174,50.5079335
Zaozhuang,China,364,34.86472,117.55417
Zaragoza,Spain,188,41.656837,-0.8794245
Zaventem,Belgium,48,50.880646409,4.478705505
Zele,Belgium,48,51.067353573,4.035898361
Zelenograd,Russia,175,55.9825,37.18139
Zhangjiakou,China,364,40.78341,114.87139
Zhejiang,China,364,24.76004,105.26373
Zhengzhou,China,364,34.75778,113.64861
Zhongwei,China,364,24.8689,117.09538
Zhubei,Taiwan,37,24.8397264,121.0041698
Zhuhai,China,364,22.27694,113.56778
Zlin,Czech Republic,54,49.22616087,17.67737756
Zoetermeer,The Netherlands,185,52.058765446,4.498590941
Zug,Switzerland,112,47.177534475,8.508559443
Zywiec,Poland,97,49.68494547,19.192033577
Zürich,Switzerland,112,47.38454096,8.529927493
s-Hertogenbosch,The Netherlands,185,51.6933424,5.2470363
Århus,Denmark,81,56.1581547,10.2120347
Ås,Norway,84,59.678675522025,10.784013526479
Çekmeköy,Turkey,76,41.0383,29.2356
Évreux,France,315,49.027032998,1.151536026
Ørnes,Norway,84,66.8679126,13.7040369
